[{"Juego":"Dark souls","alquilado":false,"Nombre arrendatario":"Juan juanito","Tiempo de alquiler":"2 semanas","id":1,"updated_at":"21:50 23-10-2024"},{"Juego":"Metal Gear Solid 4","alquilado":true,"Nombre arrendatario":"Leito","Tiempo de alquiler":"9 semanas","id":2,"updated_at":"21:50 23-10-2024","ip":"::1"},{"Juego":"Halo 3","alquilado":false,"Nombre arrendatario":"Martinsito","Tiempo de alquiler":"8 semanas","id":3,"updated_at":"21:50 23-10-2024"},{"Juego":"GTA V","alquilado":true,"Nombre arrendatario":"Manuela Martinez","Tiempo de alquiler":"5 semanas","id":4,"updated_at":"21:50 23-10-2024","ip":"::1"},{"Juego":"Metal slug","alquilado":true,"Nombre arrendatario":"Maria","Tiempo de alquiler":"3 semanas","created_at":"21:29 23-10-2024","ip":"::1","id":5,"updated_at":"21:50 23-10-2024"}]